Workbook

Sheet 材料检测（室内）
CW1: 第 1 页，共 1 页
V2: 广东鸿艺工程质量检测有限公司 | CU2: HYJL-D1-002WDJ01
A3: 基础处理工程检测检验委托单
A4: 委托单位 | M4: 揭阳市华投地产开发有限公司 | CJ4: 委托编号 | CW4: DJ-W202600008 | DT4: 报告编号 | EG4: DJ-B202500037
A5: 工程名称 | M5: 腾瑞·榕起潮鸣小区 | CJ5: 委托日期 | CW5: 46040
A6: 项目类别 | CJ6: 监督登记号 | CW6: RCZJZ2025022
A7: 检测类别 | CJ7: 项目所在地 | CW7: 揭阳市榕城区
A8: 样品处理 | CJ8: 报告发送 | ET8: （） （）（）（）
A9: 见证单位 | M9: 厦门住总建设有限公司 | CJ9: 报告份数 | CW9: 一式 | DF9: 4 | DJ9: 份
A10: 委托人 | M10: 陈邦鸿 | AA10: 联系电话 | AN10: 15018442098 | BI10: 监督员 | CJ10: 联系电话 | ET10: （）（）（）
A11: 见证人 | M11: 李畅 | AA11: 联系电话 | AN11: 17688048868 | BI11: 见证卡号 | BU11: JYJZ20250010
A12: 检测信息 | ET12: 土钉位移（基本试验）（）（验收试验）（）土钉抗拔承载力检测值（验收试验）（）
A13: 检测项目 | M13: 桩身（墙身）完整性 | DT13: FALSE | DY13: FALSE
DT14: FALSE | DY14: FALSE | ET14: （）（）（）（）
M15: 单桩 | DT15: FALSE | DY15: FALSE
DT16: TRUE | DY16: FALSE | ET16: （）、（）（）（）
M17: 土钉 | DT17: FALSE | DY17: FALSE | ET17: 压实度（）（）（）（）（）（） （）
DT18: FALSE
M19: 锚杆（索） | DT19: FALSE | DY19: FALSE | ED19: FALSE
DT20: FALSE
M21: 地基承载力 | DT21: FALSE | DY21: FALSE | ED21: FALSE
DT22: FALSE | DY22: FALSE
M23: 其他 | DT23: FALSE | DY23: FALSE | EX23: 竖向抗压承载力（高应变法）（）(静载试验)（）桩身内力（水平静载试验）（） 水平承载力(静载试验)（）水平位移(静载试验)（）沉降量(静载试验)（）
DT24: FALSE
A25: 检测依据
FD32: 建筑地基基础检测规范DBJ/T15-60-2019 | HD32: 建筑地基处理技术规范JGJ79-2012
A36: 序号 | M36: 检测项目 | AC36: 类型 | AX36: 工程部位 | CF36: 设计标准 | DA36: 检测数量
A37: 1 | M37: 抗压静载检测 | AC37: AB型预应力管桩 | AX37: 13栋 | CF37: 2100KN | DA37: 2根
A38: 办理人确认签名 | AX38: 委托人确认签名
A39: 备注 | M39: 委托方需填写工程概况表、施工参数表提供基础平面图等资料（具体资料根据检测项目确定）
A40: 委托声明 | M40: 1.委托人确认检测项目，保证所提供样品和资料的真实性，并按时领取报告；
M41: 2.见证人确认对有见证送检样品的代表性，对取样、送检的真实性负责；
M42: 3.本公司保证检验的公正性，对检验数据负责，为委托方提供的样品及其有关资料保密。 | FD42: 其他：
A43: 地址：广东省东莞市东坑镇角社新兴一路7号1号楼 电话：0769-82802363 邮编：523445

Sheet 工程概况表
A1: 广东鸿艺工程质量检测有限公司
A2: 工程概况表
A4: 工程名称 | B4: 腾瑞·榕起潮鸣小区(13栋）
A5: 工程地点 | B5: 揭阳市榕江新城环市东路以东/南厝路以北
A6: 建设单位 | B6: 揭阳市华投地产开发有限公司
A7: 勘察单位 | B7: 汕头市建筑设计院有限公司
A8: 设计单位 | B8: 揭阳市华阳国际工程设计股份有限公司
A9: 承建单位 | B9: 潮州市建筑安装总公司
A10: 基桩施工单位 | B10: 潮州市建筑安装总公司
A11: 监理单位 | B11: 厦门住总建设建设有限公司
A12: 质量监督站 | B12: 揭阳市榕城区住房和城乡建设局
A13: 结构型式 | B13: 钢筋砼剪力墙结构 | E13: 层 数 | F13: 25
A14: =_xlfn.IFS('材料检测（室内）'!$DT$13,AC41,'材料检测（室内）'!$DT$13,AE41,'材料检测（室内）'!$DT$14,AG41,'材料检测（室内）'!$DY$14,AI41,'材料检测（室内）'!$DT$15,AK41,'材料检测（室内）'!$DY$15,AM41,'材料检测（室内）'!$DT$16,AO41,'材料检测（室内）'!$DY$16,AQ41,'材料检测（室内）'!$DT$17,AS41,'材料检测（室内）'!$DY$17,AU41,'材料检测（室内）'!$DT$18,AW41,'材料检测（室内）'!$DT$19,AY41,'材料检测（室内）'!$DY$19,BA41,'材料检测（室内）'!$ED$19,BC41,'材料检测（室内）'!$DT$20,BE41,'材料检测（室内）'!$DT$21,BG41,'材料检测（室内）'!$DY$21,BI41,'材料检测（室内）'!$ED$21,BK41,'材料检测（室内）'!$DT$22,BM41,'材料检测（室内）'!$DY$22,BO41,'材料检测（室内）'!$DT$23,BQ41,'材料检测（室内）'!$DY$23,BS41,'材料检测（室内）'!$DT$24,BU41) -> 建筑面积（m²） | B14: 10648 | E14: =_xlfn.IFS('材料检测（室内）'!$DT$13,AD41,'材料检测（室内）'!$DY$13,AF41,'材料检测（室内）'!$DT$14,AH41,'材料检测（室内）'!$DY$14,AJ41,'材料检测（室内）'!$DT$15,AL41,'材料检测（室内）'!$DY$15,AN41,'材料检测（室内）'!$DT$16,AP41,'材料检测（室内）'!$DY$16,AR41,'材料检测（室内）'!$DT$17,AT41,'材料检测（室内）'!$DY$17,AV41,'材料检测（室内）'!$DT$18,AX41,'材料检测（室内）'!$DT$19,AZ41,'材料检测（室内）'!$DY$19,BB41,'材料检测（室内）'!$ED$19,BD41,'材料检测（室内）'!$DT$20,BF41,'材料检测（室内）'!$DT$21,BH41,'材料检测（室内）'!$DY$21,BJ41,'材料检测（室内）'!$ED$21,BL41,'材料检测（室内）'!$DT$22,BN41,'材料检测（室内）'!$DY$22,BP41,'材料检测（室内）'!$DT$23,BR41,'材料检测（室内）'!$DY$23,BT41,'材料检测（室内）'!$DT$24,BV41) -> 开工日期 | F14: 2025.11.10
A15: =_xlfn.IFS('材料检测（室内）'!$DT$13,AC42,'材料检测（室内）'!$DT$13,AE42,'材料检测（室内）'!$DT$14,AG42,'材料检测（室内）'!$DY$14,AI42,'材料检测（室内）'!$DT$15,AK42,'材料检测（室内）'!$DY$15,AM42,'材料检测（室内）'!$DT$16,AO42,'材料检测（室内）'!$DY$16,AQ42,'材料检测（室内）'!$DT$17,AS42,'材料检测（室内）'!$DY$17,AU42,'材料检测（室内）'!$DT$18,AW42,'材料检测（室内）'!$DT$19,AY42,'材料检测（室内）'!$DY$19,BA42,'材料检测（室内）'!$ED$19,BC42,'材料检测（室内）'!$DT$20,BE42,'材料检测（室内）'!$DT$21,BG42,'材料检测（室内）'!$DY$21,BI42,'材料检测（室内）'!$ED$21,BK42,'材料检测（室内）'!$DT$22,BM42,'材料检测（室内）'!$DY$22,BO42,'材料检测（室内）'!$DT$23,BQ42,'材料检测（室内）'!$DY$23,BS42,'材料检测（室内）'!$DT$24,BU42) -> 桩 型 | B15: AB型预应力管桩 | E15: =_xlfn.IFS('材料检测（室内）'!$DT$13,AD42,'材料检测（室内）'!$DY$13,AF42,'材料检测（室内）'!$DT$14,AH42,'材料检测（室内）'!$DY$14,AJ42,'材料检测（室内）'!$DT$15,AL42,'材料检测（室内）'!$DY$15,AN42,'材料检测（室内）'!$DT$16,AP42,'材料检测（室内）'!$DY$16,AR42,'材料检测（室内）'!$DT$17,AT42,'材料检测（室内）'!$DY$17,AV42,'材料检测（室内）'!$DT$18,AX42,'材料检测（室内）'!$DT$19,AZ42,'材料检测（室内）'!$DY$19,BB42,'材料检测（室内）'!$ED$19,BD42,'材料检测（室内）'!$DT$20,BF42,'材料检测（室内）'!$DT$21,BH42,'材料检测（室内）'!$DY$21,BJ42,'材料检测（室内）'!$ED$21,BL42,'材料检测（室内）'!$DT$22,BN42,'材料检测（室内）'!$DY$22,BP42,'材料检测（室内）'!$DT$23,BR42,'材料检测（室内）'!$DY$23,BT42,'材料检测（室内）'!$DT$24,BV42) -> 桩径(mm) | F15: 500
A16: =_xlfn.IFS('材料检测（室内）'!$DT$13,AC43,'材料检测（室内）'!$DT$13,AE43,'材料检测（室内）'!$DT$14,AG43,'材料检测（室内）'!$DY$14,AI43,'材料检测（室内）'!$DT$15,AK43,'材料检测（室内）'!$DY$15,AM43,'材料检测（室内）'!$DT$16,AO43,'材料检测（室内）'!$DY$16,AQ43,'材料检测（室内）'!$DT$17,AS43,'材料检测（室内）'!$DY$17,AU43,'材料检测（室内）'!$DT$18,AW43,'材料检测（室内）'!$DT$19,AY43,'材料检测（室内）'!$DY$19,BA43,'材料检测（室内）'!$ED$19,BC43,'材料检测（室内）'!$DT$20,BE43,'材料检测（室内）'!$DT$21,BG43,'材料检测（室内）'!$DY$21,BI43,'材料检测（室内）'!$ED$21,BK43,'材料检测（室内）'!$DT$22,BM43,'材料检测（室内）'!$DY$22,BO43,'材料检测（室内）'!$DT$23,BQ43,'材料检测（室内）'!$DY$23,BS43,'材料检测（室内）'!$DT$24,BU43) -> 单桩竖向抗压承载力特征值（kN） | B16: 2100 | E16: =_xlfn.IFS('材料检测（室内）'!$DT$13,AD43,'材料检测（室内）'!$DY$13,AF43,'材料检测（室内）'!$DT$14,AH43,'材料检测（室内）'!$DY$14,AJ43,'材料检测（室内）'!$DT$15,AL43,'材料检测（室内）'!$DY$15,AN43,'材料检测（室内）'!$DT$16,AP43,'材料检测（室内）'!$DY$16,AR43,'材料检测（室内）'!$DT$17,AT43,'材料检测（室内）'!$DY$17,AV43,'材料检测（室内）'!$DT$18,AX43,'材料检测（室内）'!$DT$19,AZ43,'材料检测（室内）'!$DY$19,BB43,'材料检测（室内）'!$ED$19,BD43,'材料检测（室内）'!$DT$20,BF43,'材料检测（室内）'!$DT$21,BH43,'材料检测（室内）'!$DY$21,BJ43,'材料检测（室内）'!$ED$21,BL43,'材料检测（室内）'!$DT$22,BN43,'材料检测（室内）'!$DY$22,BP43,'材料检测（室内）'!$DT$23,BR43,'材料检测（室内）'!$DY$23,BT43,'材料检测（室内）'!$DT$24,BV43) -> 要求最大试验荷载(kN) | F16: 4200
A17: =_xlfn.IFS('材料检测（室内）'!$DT$13,AC44,'材料检测（室内）'!$DT$13,AE44,'材料检测（室内）'!$DT$14,AG44,'材料检测（室内）'!$DY$14,AI44,'材料检测（室内）'!$DT$15,AK44,'材料检测（室内）'!$DY$15,AM44,'材料检测（室内）'!$DT$16,AO44,'材料检测（室内）'!$DY$16,AQ44,'材料检测（室内）'!$DT$17,AS44,'材料检测（室内）'!$DY$17,AU44,'材料检测（室内）'!$DT$18,AW44,'材料检测（室内）'!$DT$19,AY44,'材料检测（室内）'!$DY$19,BA44,'材料检测（室内）'!$ED$19,BC44,'材料检测（室内）'!$DT$20,BE44,'材料检测（室内）'!$DT$21,BG44,'材料检测（室内）'!$DY$21,BI44,'材料检测（室内）'!$ED$21,BK44,'材料检测（室内）'!$DT$22,BM44,'材料检测（室内）'!$DY$22,BO44,'材料检测（室内）'!$DT$23,BQ44,'材料检测（室内）'!$DY$23,BS44,'材料检测（室内）'!$DT$24,BU44) -> 设计桩长(m) | B17: 24~31 | E17: =_xlfn.IFS('材料检测（室内）'!$DT$13,AD44,'材料检测（室内）'!$DY$13,AF44,'材料检测（室内）'!$DT$14,AH44,'材料检测（室内）'!$DY$14,AJ44,'材料检测（室内）'!$DT$15,AL44,'材料检测（室内）'!$DY$15,AN44,'材料检测（室内）'!$DT$16,AP44,'材料检测（室内）'!$DY$16,AR44,'材料检测（室内）'!$DT$17,AT44,'材料检测（室内）'!$DY$17,AV44,'材料检测（室内）'!$DT$18,AX44,'材料检测（室内）'!$DT$19,AZ44,'材料检测（室内）'!$DY$19,BB44,'材料检测（室内）'!$ED$19,BD44,'材料检测（室内）'!$DT$20,BF44,'材料检测（室内）'!$DT$21,BH44,'材料检测（室内）'!$DY$21,BJ44,'材料检测（室内）'!$ED$21,BL44,'材料检测（室内）'!$DT$22,BN44,'材料检测（室内）'!$DY$22,BP44,'材料检测（室内）'!$DT$23,BR44,'材料检测（室内）'!$DY$23,BT44,'材料检测（室内）'!$DT$24,BV44) -> 桩端持力层 | F17: 全风化花岗岩
A18: =_xlfn.IFS('材料检测（室内）'!$DT$13,AC45,'材料检测（室内）'!$DT$13,AE45,'材料检测（室内）'!$DT$14,AG45,'材料检测（室内）'!$DY$14,AI45,'材料检测（室内）'!$DT$15,AK45,'材料检测（室内）'!$DY$15,AM45,'材料检测（室内）'!$DT$16,AO45,'材料检测（室内）'!$DY$16,AQ45,'材料检测（室内）'!$DT$17,AS45,'材料检测（室内）'!$DY$17,AU45,'材料检测（室内）'!$DT$18,AW45,'材料检测（室内）'!$DT$19,AY45,'材料检测（室内）'!$DY$19,BA45,'材料检测（室内）'!$ED$19,BC45,'材料检测（室内）'!$DT$20,BE45,'材料检测（室内）'!$DT$21,BG45,'材料检测（室内）'!$DY$21,BI45,'材料检测（室内）'!$ED$21,BK45,'材料检测（室内）'!$DT$22,BM45,'材料检测（室内）'!$DY$22,BO45,'材料检测（室内）'!$DT$23,BQ45,'材料检测（室内）'!$DY$23,BS45,'材料检测（室内）'!$DT$24,BU45) -> 工程桩总数（根） | B18: 123 | E18: =_xlfn.IFS('材料检测（室内）'!$DT$13,AD45,'材料检测（室内）'!$DY$13,AF45,'材料检测（室内）'!$DT$14,AH45,'材料检测（室内）'!$DY$14,AJ45,'材料检测（室内）'!$DT$15,AL45,'材料检测（室内）'!$DY$15,AN45,'材料检测（室内）'!$DT$16,AP45,'材料检测（室内）'!$DY$16,AR45,'材料检测（室内）'!$DT$17,AT45,'材料检测（室内）'!$DY$17,AV45,'材料检测（室内）'!$DT$18,AX45,'材料检测（室内）'!$DT$19,AZ45,'材料检测（室内）'!$DY$19,BB45,'材料检测（室内）'!$ED$19,BD45,'材料检测（室内）'!$DT$20,BF45,'材料检测（室内）'!$DT$21,BH45,'材料检测（室内）'!$DY$21,BJ45,'材料检测（室内）'!$ED$21,BL45,'材料检测（室内）'!$DT$22,BN45,'材料检测（室内）'!$DY$22,BP45,'材料检测（室内）'!$DT$23,BR45,'材料检测（室内）'!$DY$23,BT45,'材料检测（室内）'!$DT$24,BV45) -> 检测桩数(根) | F18: 2根
A19: =_xlfn.IFS('材料检测（室内）'!$DT$13,AC46,'材料检测（室内）'!$DT$13,AE46,'材料检测（室内）'!$DT$14,AG46,'材料检测（室内）'!$DY$14,AI46,'材料检测（室内）'!$DT$15,AK46,'材料检测（室内）'!$DY$15,AM46,'材料检测（室内）'!$DT$16,AO46,'材料检测（室内）'!$DY$16,AQ46,'材料检测（室内）'!$DT$17,AS46,'材料检测（室内）'!$DY$17,AU46,'材料检测（室内）'!$DT$18,AW46,'材料检测（室内）'!$DT$19,AY46,'材料检测（室内）'!$DY$19,BA46,'材料检测（室内）'!$ED$19,BC46,'材料检测（室内）'!$DT$20,BE46,'材料检测（室内）'!$DT$21,BG46,'材料检测（室内）'!$DY$21,BI46,'材料检测（室内）'!$ED$21,BK46,'材料检测（室内）'!$DT$22,BM46,'材料检测（室内）'!$DY$22,BO46,'材料检测（室内）'!$DT$23,BQ46,'材料检测（室内）'!$DY$23,BS46,'材料检测（室内）'!$DT$24,BU46) -> 检测方法 | B19: 抗压静载检测 | E19: =_xlfn.IFS('材料检测（室内）'!$DT$13,AD46,'材料检测（室内）'!$DY$13,AF46,'材料检测（室内）'!$DT$14,AH46,'材料检测（室内）'!$DY$14,AJ46,'材料检测（室内）'!$DT$15,AL46,'材料检测（室内）'!$DY$15,AN46,'材料检测（室内）'!$DT$16,AP46,'材料检测（室内）'!$DY$16,AR46,'材料检测（室内）'!$DT$17,AT46,'材料检测（室内）'!$DY$17,AV46,'材料检测（室内）'!$DT$18,AX46,'材料检测（室内）'!$DT$19,AZ46,'材料检测（室内）'!$DY$19,BB46,'材料检测（室内）'!$ED$19,BD46,'材料检测（室内）'!$DT$20,BF46,'材料检测（室内）'!$DT$21,BH46,'材料检测（室内）'!$DY$21,BJ46,'材料检测（室内）'!$ED$21,BL46,'材料检测（室内）'!$DT$22,BN46,'材料检测（室内）'!$DY$22,BP46,'材料检测（室内）'!$DT$23,BR46,'材料检测（室内）'!$DY$23,BT46,'材料检测（室内）'!$DT$24,BV46) -> 检测日期
A20: 备 注
A22: 填写单位： | E22: 填写人：
DY23: FALSE
A24: 联系电话： | E24: 填写日期： | DT24: TRUE
AC40: 桩身（墙身）完整性低应变法 | AE40: 桩身（墙身）完整性高应变法 | AG40: 桩身（墙身）完整性声波透射法 | AI40: 桩身（墙身）完整性钻芯法 | AK40: 单桩水平静载试验 | AM40: 单桩高应变法 | AO40: 单桩竖向抗压静载试验 | AQ40: 单桩竖向抗拔静载试验 | AS40: 土钉抗拔试验 | AU40: 土钉基本试验 | AW40: 土钉验收试验 | AY40: 基础锚杆/索（抗拔试验） | BA40: 支护锚杆/索（验收试验） | BC40: 支护锚杆/索（基本试验） | BE40: 支护锚杆/索（抗拔试验） | BG40: 地基承载力地基载荷试験（静载试验） | BI40: 地基承载力轻型动力触探 | BK40: 地基承载力重型动力触探 | BM40: 地基承载力静力触探 | BO40: 地基承载力标准灌入击数 | BQ40: 回弹模量 | BS40: 成槽质量（超声波法） | BU40: 单孔注浆试验
AB41: 1 | AC41: 建筑面积（m2） | AD41: 开工日期 | AE41: 建筑面积（m2） | AF41: 开工日期 | AG41: 建筑面积(㎡) | AH41: 开工日期 | AI41: 建筑面积(㎡) | AJ41: 开工日期 | AK41: 建筑面积(㎡) | AL41: 开工日期 | AM41: 建筑面积（m²） | AN41: 开工日期 | AO41: 建筑面积（m²） | AP41: 开工日期 | AQ41: 建筑面积（m²） | AR41: 开工日期 | AY41: 建筑面积(㎡) | AZ41: 开 工 日 期 | BA41: 建筑面积(㎡) | BB41: 开 工 日 期 | BC41: 建筑面积(㎡) | BD41: 开 工 日 期 | BE41: 建筑面积(㎡) | BF41: 开 工 日 期 | BG41: 建筑面积(㎡) | BH41: 开工日期 | BI41: 建筑面积(㎡) | BJ41: 开工日期 | BK41: 建筑面积(㎡) | BL41: 开工日期 | BM41: 建筑面积(㎡) | BN41: 开工日期 | BO41: 建筑面积(㎡) | BP41: 开工日期 | BQ41: 1 | BR41: 11 | BS41: / | BT41: / | BU41: / | BV41: /
AB42: 2 | AC42: 桩 型 | AD42: 桩径（mm） | AE42: 桩 型 | AF42: 桩径（mm） | AG42: 桩 型 | AH42: 桩径（㎜） | AI42: 桩 型 | AJ42: 桩 径（mm） | AK42: 桩 型 | AL42: 桩径(mm) | AM42: 桩 型 | AN42: 桩径（mm） | AO42: 桩 型 | AP42: 桩径(mm) | AQ42: 桩 型 | AR42: 桩径(mm) | AY42: 锚杆/索承载力设计值(kN) | AZ42: 要求最大试验荷载(kN) | BA42: 锚杆/索承载力设计值(kN) | BB42: 要求最大试验荷载(kN) | BC42: 锚杆/索承载力设计值(kN) | BD42: 要求最大试验荷载(kN) | BE42: 锚杆/索承载力设计值(kN) | BF42: 要求最大试验荷载(kN) | BG42: 地基类型 | BH42: 压板面积(m²) | BI42: 地基类型 | BJ42: 地基承载力特征值(kPa) | BK42: 地基类型 | BL42: 压板面积(m²) | BM42: 地基类型 | BN42: 压板面积(m²) | BO42: 地基类型 | BP42: 压板面积(m²) | BQ42: 2 | BR42: 12
AB43: 3 | AC43: 设计桩长（m） | AD43: 桩身砼设计强度 | AE43: 设计桩长（m） | AF43: 桩身砼设计强度 | AG43: 设计桩长(m) | AH43: 桩身砼设计强度 | AI43: 单桩承载力特征值(kN) | AJ43: 桩身混凝土设计强度等级 | AK43: 单桩竖向抗压承载力特征值（kN） | AL43: 要求最大试验荷载(kN) | AM43: 设计桩长（m） | AN43: 桩身砼设计强度 | AO43: 单桩竖向抗压承载力特征值（kN） | AP43: 要求最大试验荷载(kN) | AQ43: 单桩竖向抗拔承载力特征值（kN） | AR43: 要求最大试验荷载(kN) | AY43: 锚杆索类型 | AZ43: 锚杆/索孔径(mm) | BA43: 锚杆索类型 | BB43: 锚杆/索孔径(mm) | BC43: 锚杆索类型 | BD43: 锚杆/索孔径(mm) | BE43: 锚杆索类型 | BF43: 锚杆/索孔径(mm) | BG43: 地基土承载力特征值(kPa) | BH43: 要求最大试验荷载(kN) | BI43: 地基占地面积（m2） | BJ43: 检测数量（孔） | BK43: 地基土承载力特征值(kPa) | BL43: 要求最大试验荷载(kN) | BM43: 地基土承载力特征值(kPa) | BN43: 要求最大试验荷载(kN) | BO43: 地基土承载力特征值(kPa) | BP43: 要求最大试验荷载(kN) | BQ43: 3 | BR43: 13
AB44: 4 | AC44: 单桩竖向抗压承载力特征值（kN） | AD44: 桩端持力层 | AE44: 单桩竖向抗压承载力特征值（kN） | AF44: 桩端持力层 | AG44: 单桩竖向抗压承载力特征值（kN） | AH44: 桩端持力层 | AI44: 工程桩总数（根） | AJ44: 检测桩数（根） | AK44: 设计桩长(m) | AL44: 桩端持力层 | AM44: 单桩竖向抗压承载力特征值（kN） | AN44: 桩端持力层 | AO44: 设计桩长(m) | AP44: 桩端持力层 | AQ44: 设计桩长(m) | AR44: 桩端持力层 | AY44: 锚杆/索总数（根） | AZ44: 检测锚杆/索数（根） | BA44: 锚杆/索总数（根） | BB44: 检测锚杆/索数（根） | BC44: 锚杆/索总数（根） | BD44: 检测锚杆/索数（根） | BE44: 锚杆/索总数（根） | BF44: 检测锚杆/索数（根） | BG44: 地基占地面积（m²） | BH44: 检测点数(点) | BI44: 土粒径 | BJ44: 基础持力层 | BK44: 地基占地面积（m²） | BL44: 检测点数(点) | BM44: 地基占地面积（m²） | BN44: 检测点数(点) | BO44: 地基占地面积（m²） | BP44: 检测点数(点) | BQ44: 4 | BR44: 14
AB45: 5 | AC45: 工程桩总数（根） | AD45: 检测桩数（根） | AE45: 工程桩总数（根） | AF45: 检测桩数（根） | AG45: 工程桩总数（根） | AH45: 检测桩数(根) | AI45: 设计桩长（m） | AJ45: 桩底持力层 | AK45: 工程桩总数（根） | AL45: 检测桩数(根) | AM45: 工程桩总数（根） | AN45: 检测桩数（根） | AO45: 工程桩总数（根） | AP45: 检测桩数(根) | AQ45: 工程桩总数（根） | AR45: 检测桩数(根) | AY45: 设计深度（m） | AZ45: 持力层 | BA45: 设计深度（m） | BB45: 持力层 | BC45: 设计深度（m） | BD45: 持力层 | BE45: 设计深度（m） | BF45: 持力层 | BG45: 基础标高（m） | BH45: 基础持力层 | BI45: 基础标高（m） | BJ45: 检测日期 | BK45: 基础标高（m） | BL45: 基础持力层 | BM45: 基础标高（m） | BN45: 基础持力层 | BO45: 基础标高（m） | BP45: 基础持力层 | BQ45: 5 | BR45: 15
AB46: 6 | AC46: 检测方法 | AD46: 检测日期 | AE46: 检测方法 | AF46: 检测日期 | AG46: 检测方法 | AH46: 检测日期 | AI46: 检测方法 | AJ46: 检 测 日 期 | AK46: 检测方法 | AL46: 检测日期 | AM46: 检测方法 | AN46: 检测日期 | AO46: 检测方法 | AP46: 检测日期 | AQ46: 检测方法 | AR46: 检测日期 | AY46: 检测方法 | AZ46: 检测日期 | BA46: 检测方法 | BB46: 检测日期 | BC46: 检测方法 | BD46: 检测日期 | BE46: 检测方法 | BF46: 检测日期 | BG46: 检测方法 | BH46: 检测日期 | BI46: 检测方法 | BJ46: / | BK46: 检测方法 | BL46: 检测日期 | BM46: 检测方法 | BN46: 检测日期 | BO46: 检测方法 | BP46: 检测日期 | BQ46: 6 | BR46: 16

Sheet 施工参数表
B1: 广东鸿艺工程质量检测有限公司
B3: =_xlfn.IFS('材料检测（室内）'!DT13,"基桩低应变法试桩参数表",'材料检测（室内）'!DY13,"基桩高应变法试桩参数表",'材料检测（室内）'!DT14,"基桩声波透射法试桩参数表",'材料检测（室内）'!DY14,"基桩钻芯法试桩参数表",'材料检测（室内）'!DT15,"单桩水平静载试验成桩参数表",'材料检测（室内）'!DY15,"单桩高应变法试验成桩参数表",'材料检测（室内）'!DT16,"单桩竖向抗压静载试验成桩参数表",'材料检测（室内）'!DY16,"单桩竖向抗拔静载试验成桩参数表",'材料检测（室内）'!DT17,"5-1",'材料检测（室内）'!DY17,"5-2",'材料检测（室内）'!DT18,"6-1",'材料检测（室内）'!DT19,"支护锚杆/索施工参数表",'材料检测（室内）'!DY19,"支护锚杆/索施工参数表",'材料检测（室内）'!ED19,"支护锚杆/索施工参数表",'材料检测（室内）'!DT20,"支护锚杆/索施工参数表",'材料检测（室内）'!DT21,"浅层平板载荷试验参数表",'材料检测（室内）'!DY21,"地基基础施工记录表",'材料检测（室内）'!ED21,"地基基础施工记录表",'材料检测（室内）'!DT22,"地基基础施工记录表",'材料检测（室内）'!DY22,"地基基础施工记录表",'材料检测（室内）'!DT23,"1基桩低应变法试桩参数表",'材料检测（室内）'!DY23,"1基桩高应变法试桩参数表",'材料检测（室内）'!DT24,"1基桩声波透射法试桩参数表") -> 单桩竖向抗压静载试验成桩参数表
B6: =_xlfn.IFS('材料检测（室内）'!DT13,AD62,'材料检测（室内）'!DY13,AD63,'材料检测（室内）'!DT14,AD64,'材料检测（室内）'!DY14,AD65,'材料检测（室内）'!DT15,AD66,'材料检测（室内）'!DY15,AD67,'材料检测（室内）'!DT16,AD68,'材料检测（室内）'!DY16,AD69,'材料检测（室内）'!DT17,AD70,'材料检测（室内）'!DY17,AD71,'材料检测（室内）'!DT18,AD72,'材料检测（室内）'!DT19,AD73,'材料检测（室内）'!DY19,AD74,'材料检测（室内）'!ED19,AD75,'材料检测（室内）'!DT20,AD76,'材料检测（室内）'!DT21,AD77,'材料检测（室内）'!DY21,AD78,'材料检测（室内）'!ED21,AD79,'材料检测（室内）'!DT22,AD80,'材料检测（室内）'!DY22,AD81,'材料检测（室内）'!DT23,AD82,'材料检测（室内）'!DY23,AD83,'材料检测（室内）'!DT24,AD84) -> 序号 | C6: =_xlfn.IFS('材料检测（室内）'!DT13,AE62,'材料检测（室内）'!DY13,AE63,'材料检测（室内）'!DT14,AE64,'材料检测（室内）'!DY14,AE65,'材料检测（室内）'!DT15,AE66,'材料检测（室内）'!DY15,AE67,'材料检测（室内）'!DT16,AE68,'材料检测（室内）'!DY16,AE69,'材料检测（室内）'!DT17,AE70,'材料检测（室内）'!DY17,AE71,'材料检测（室内）'!DT18,AE72,'材料检测（室内）'!DT19,AE73,'材料检测（室内）'!DY19,AE74,'材料检测（室内）'!ED19,AE75,'材料检测（室内）'!DT20,AE76,'材料检测（室内）'!DT21,AE77,'材料检测（室内）'!DY21,AE78,'材料检测（室内）'!ED21,AE79,'材料检测（室内）'!DT22,AE80,'材料检测（室内）'!DY22,AE81,'材料检测（室内）'!DT23,AE82,'材料检测（室内）'!DY23,AE83,'材料检测（室内）'!DT24,AE84) -> 试验桩号(#) | D6: =_xlfn.IFS('材料检测（室内）'!DT13,AF62,'材料检测（室内）'!DY13,AF63,'材料检测（室内）'!DT14,AF64,'材料检测（室内）'!DY14,AF65,'材料检测（室内）'!DT15,AF66,'材料检测（室内）'!DY15,AF67,'材料检测（室内）'!DT16,AF68,'材料检测（室内）'!DY16,AF69,'材料检测（室内）'!DT17,AF70,'材料检测（室内）'!DY17,AF71,'材料检测（室内）'!DT18,AF72,'材料检测（室内）'!DT19,AF73,'材料检测（室内）'!DY19,AF74,'材料检测（室内）'!ED19,AF75,'材料检测（室内）'!DT20,AF76,'材料检测（室内）'!DT21,AF77,'材料检测（室内）'!DY21,AF78,'材料检测（室内）'!ED21,AF79,'材料检测（室内）'!DT22,AF80,'材料检测（室内）'!DY22,AF81,'材料检测（室内）'!DT23,AF82,'材料检测（室内）'!DY23,AF83,'材料检测（室内）'!DT24,AF84) -> 桩径(mm) | E6: =_xlfn.IFS('材料检测（室内）'!DT13,AG62,'材料检测（室内）'!DY13,AG63,'材料检测（室内）'!DT14,AG64,'材料检测（室内）'!DY14,AG65,'材料检测（室内）'!DT15,AG66,'材料检测（室内）'!DY15,AG67,'材料检测（室内）'!DT16,AG68,'材料检测（室内）'!DY16,AG69,'材料检测（室内）'!DT17,AG70,'材料检测（室内）'!DY17,AG71,'材料检测（室内）'!DT18,AG72,'材料检测（室内）'!DT19,AG73,'材料检测（室内）'!DY19,AG74,'材料检测（室内）'!ED19,AG75,'材料检测（室内）'!DT20,AG76,'材料检测（室内）'!DT21,AG77,'材料检测（室内）'!DY21,AG78,'材料检测（室内）'!ED21,AG79,'材料检测（室内）'!DT22,AG80,'材料检测（室内）'!DY22,AG81,'材料检测（室内）'!DT23,AG82,'材料检测（室内）'!DY23,AG83,'材料检测（室内）'!DT24,AG84) -> 桩长(m) | F6: =_xlfn.IFS('材料检测（室内）'!DT13,AH62,'材料检测（室内）'!DY13,AH63,'材料检测（室内）'!DT14,AH64,'材料检测（室内）'!DY14,AH65,'材料检测（室内）'!DT15,AH66,'材料检测（室内）'!DY15,AH67,'材料检测（室内）'!DT16,AH68,'材料检测（室内）'!DY16,AH69,'材料检测（室内）'!DT17,AH70,'材料检测（室内）'!DY17,AH71,'材料检测（室内）'!DT18,AH72,'材料检测（室内）'!DT19,AH73,'材料检测（室内）'!DY19,AH74,'材料检测（室内）'!ED19,AH75,'材料检测（室内）'!DT20,AH76,'材料检测（室内）'!DT21,AH77,'材料检测（室内）'!DY21,AH78,'材料检测（室内）'!ED21,AH79,'材料检测（室内）'!DT22,AH80,'材料检测（室内）'!DY22,AH81,'材料检测（室内）'!DT23,AH82,'材料检测（室内）'!DY23,AH83,'材料检测（室内）'!DT24,AH84) -> 混凝土设计强度等级 | G6: =_xlfn.IFS('材料检测（室内）'!DT13,AI62,'材料检测（室内）'!DY13,AI63,'材料检测（室内）'!DT14,AI64,'材料检测（室内）'!DY14,AI65,'材料检测（室内）'!DT15,AI66,'材料检测（室内）'!DY15,AI67,'材料检测（室内）'!DT16,AI68,'材料检测（室内）'!DY16,AI69,'材料检测（室内）'!DT17,AI70,'材料检测（室内）'!DY17,AI71,'材料检测（室内）'!DT18,AI72,'材料检测（室内）'!DT19,AI73,'材料检测（室内）'!DY19,AI74,'材料检测（室内）'!ED19,AI75,'材料检测（室内）'!DT20,AI76,'材料检测（室内）'!DT21,AI77,'材料检测（室内）'!DY21,AI78,'材料检测（室内）'!ED21,AI79,'材料检测（室内）'!DT22,AI80,'材料检测（室内）'!DY22,AI81,'材料检测（室内）'!DT23,AI82,'材料检测（室内）'!DY23,AI83,'材料检测（室内）'!DT24,AI84) -> 单桩竖向抗压承载力特征值(kN) | H6: =_xlfn.IFS('材料检测（室内）'!DT13,AJ62,'材料检测（室内）'!DY13,AJ63,'材料检测（室内）'!DT14,AJ64,'材料检测（室内）'!DY14,AJ65,'材料检测（室内）'!DT15,AJ66,'材料检测（室内）'!DY15,AJ67,'材料检测（室内）'!DT16,AJ68,'材料检测（室内）'!DY16,AJ69,'材料检测（室内）'!DT17,AJ70,'材料检测（室内）'!DY17,AJ71,'材料检测（室内）'!DT18,AJ72,'材料检测（室内）'!DT19,AJ73,'材料检测（室内）'!DY19,AJ74,'材料检测（室内）'!ED19,AJ75,'材料检测（室内）'!DT20,AJ76,'材料检测（室内）'!DT21,AJ77,'材料检测（室内）'!DY21,AJ78,'材料检测（室内）'!ED21,AJ79,'材料检测（室内）'!DT22,AJ80,'材料检测（室内）'!DY22,AJ81,'材料检测（室内）'!DT23,AJ82,'材料检测（室内）'!DY23,AJ83,'材料检测（室内）'!DT24,AJ84) -> 设计桩端持力层 | I6: =_xlfn.IFS('材料检测（室内）'!DT13,AK62,'材料检测（室内）'!DY13,AK63,'材料检测（室内）'!DT14,AK64,'材料检测（室内）'!DY14,AK65,'材料检测（室内）'!DT15,AK66,'材料检测（室内）'!DY15,AK67,'材料检测（室内）'!DT16,AK68,'材料检测（室内）'!DY16,AK69,'材料检测（室内）'!DT17,AK70,'材料检测（室内）'!DY17,AK71,'材料检测（室内）'!DT18,AK72,'材料检测（室内）'!DT19,AK73,'材料检测（室内）'!DY19,AK74,'材料检测（室内）'!ED19,AK75,'材料检测（室内）'!DT20,AK76,'材料检测（室内）'!DT21,AK77,'材料检测（室内）'!DY21,AK78,'材料检测（室内）'!ED21,AK79,'材料检测（室内）'!DT22,AK80,'材料检测（室内）'!DY22,AK81,'材料检测（室内）'!DT23,AK82,'材料检测（室内）'!DY23,AK83,'材料检测（室内）'!DT24,AK84) -> 施工日期 | J6: =_xlfn.IFS('材料检测（室内）'!DT13,AH62,'材料检测（室内）'!DY13,AH63,'材料检测（室内）'!DT14,AH64,'材料检测（室内）'!DY14,AH65,'材料检测（室内）'!DT15,AH66,'材料检测（室内）'!DY15,AH67,'材料检测（室内）'!DT16,AH68,'材料检测（室内）'!DY16,AH69,'材料检测（室内）'!DT17,AH70,'材料检测（室内）'!DY17,AH71,'材料检测（室内）'!DT18,AH72,'材料检测（室内）'!DT19,AH73,'材料检测（室内）'!DY19,AH74,'材料检测（室内）'!ED19,AH75,'材料检测（室内）'!DT20,AH76,'材料检测（室内）'!DT21,AH77,'材料检测（室内）'!DY21,AH78,'材料检测（室内）'!ED21,AH79,'材料检测（室内）'!DT22,AH80,'材料检测（室内）'!DY22,AH81,'材料检测（室内）'!DT23,AH82,'材料检测（室内）'!DY23,AH83,'材料检测（室内）'!DT24,AH84) -> 混凝土设计强度等级
B7: 1 | C7: 13-45# | D7: 500 | E7: 25 | F7: C80 | G7: 2100 | H7: 全风化 | I7: 2025.12.20 | J7: /
B8: 2 | C8: 13-58# | D8: 500 | E8: 26 | F8: C80 | G8: 2100 | H8: 全风化 | I8: 2025.12.19 | J8: /
DY15: TRUE
DT16: TRUE | DY16: FALSE
B45: 填写单位： | H45: 联系电话：
B47: 填 写 人： | H47: 填写日期：
AD61: 1 | AE61: 2 | AF61: 3 | AG61: 4 | AH61: 5 | AI61: 6 | AJ61: 7 | AK61: 8 | AL61: 9
AB62: 桩身（墙身）完整性低应变法 | AD62: 桩号(#) | AE62: 桩径(mm) | AF62: 施工桩长(m) | AG62: 桩顶标高(m) | AH62: 砼强度等级 | AI62: 单桩承载力特征值(kN) | AJ62: 设计桩端持力层 | AK62: 桩砼浇灌日期 | AL62: 备注
AB63: 桩身（墙身）完整性高应变法 | AD63: 桩号(#) | AE63: 桩径(mm) | AF63: 施工桩长(m) | AG63: 桩顶标高(m) | AH63: 砼强度等级 | AI63: 单桩承载力特征值(kN) | AJ63: 设计桩端持力层 | AK63: 桩砼浇灌日期 | AL63: 备注
AB64: 桩身（墙身）完整性声波透射法 | AD64: 桩号(#) | AE64: 桩径(mm) | AF64: 施工桩长(m) | AG64: 桩顶标高(m) | AH64: 砼强度等级 | AI64: 单桩承载力特征值(kN) | AJ64: 设计桩端持力层 | AK64: 桩砼浇灌日期 | AL64: 备注
AB65: 桩身（墙身）完整性钻芯法 | AD65: 桩号(#) | AE65: 桩径(mm) | AF65: 施工桩长(m) | AG65: 桩顶标高(m) | AH65: 混凝土设计强度等级 | AI65: 单桩承载力特征值(kN) | AJ65: 设计桩端持力层 | AK65: 成桩日期 | AL65: 备注
A66: 1 | AB66: 单桩水平静载试验 | AD66: 序号 | AE66: 试验桩号(#) | AF66: 桩径(mm) | AG66: 桩长(m) | AH66: 混凝土设计强度等级 | AI66: 单桩竖向抗压承载力特征值(kN) | AJ66: 设计桩端持力层 | AK66: 施工日期 | AL66: 备注
A67: 2 | AB67: 单桩高应变法 | AD67: 桩号(#) | AE67: 桩径(mm) | AF67: 施工桩长(m) | AG67: 桩顶标高(m) | AH67: 砼强度等级 | AI67: 单桩承载力特征值(kN) | AJ67: 设计桩端持力层 | AK67: 桩砼浇灌日期 | AL67: 备注
A68: 3 | AB68: 单桩竖向抗压静载试验 | AD68: 序号 | AE68: 试验桩号(#) | AF68: 桩径(mm) | AG68: 桩长(m) | AH68: 混凝土设计强度等级 | AI68: 单桩竖向抗压承载力特征值(kN) | AJ68: 设计桩端持力层 | AK68: 施工日期 | AL68: 备注
A69: 4 | AB69: 单桩竖向抗拔静载试验 | AD69: 序号 | AE69: 试验桩号(#) | AF69: 桩径(mm) | AG69: 桩长(m) | AH69: 混凝土设计强度等级 | AI69: 单桩竖向抗压承载力特征值(kN) | AJ69: 设计桩端持力层 | AK69: 施工日期 | AL69: 备注
A70: 5 | AB70: 土钉抗拔试验
A71: 6 | AB71: 土钉基本试验
A72: 7 | AB72: 土钉验收试验
A73: 8 | AB73: 基础锚杆/索（抗拔试验） | AD73: 序号 | AE73: 锚(杆/索)编号 | AF73: 锚(杆/索)孔径(mm) | AG73: 锚(杆/索)体类型 | AH73: 锚(杆/索)体直径(mm)) | AI73: 自由段长度（m） | AJ73: 锚(杆/索)长度(m) | AK73: 灌浆日期 | AL73: 锚(杆/索)抗拔承载力设计值(kN)
A74: 9 | AB74: 支护锚杆/索（验收试验） | AD74: 序号 | AE74: 锚(杆/索)编号 | AF74: 锚(杆/索)孔径(mm) | AG74: 锚(杆/索)体类型 | AH74: 锚(杆/索)体直径(mm)) | AI74: 自由段长度（m） | AJ74: 锚(杆/索)长度(m) | AK74: 灌浆日期 | AL74: 锚(杆/索)抗拔承载力设计值(kN)
A75: 10 | AB75: 支护锚杆/索（基本试验） | AD75: 序号 | AE75: 锚(杆/索)编号 | AF75: 锚(杆/索)孔径(mm) | AG75: 锚(杆/索)体类型 | AH75: 锚(杆/索)体直径(mm)) | AI75: 自由段长度（m） | AJ75: 锚(杆/索)长度(m) | AK75: 灌浆日期 | AL75: 锚(杆/索)抗拔承载力设计值(kN)
A76: 11 | AB76: 支护锚杆/索（抗拔试验） | AD76: 序号 | AE76: 锚(杆/索)编号 | AF76: 锚(杆/索)孔径(mm) | AG76: 锚(杆/索)体类型 | AH76: 锚(杆/索)体直径(mm)) | AI76: 自由段长度（m） | AJ76: 锚(杆/索)长度(m) | AK76: 灌浆日期 | AL76: 锚(杆/索)抗拔承载力设计值(kN)
A77: 12 | AB77: 地基承载力地基载荷试験（静载试验） | AD77: 试验序号 | AE77: 检测点号 | AF77: 增强体桩径(mm) | AG77: 施工桩长(m) | AH77: 检测点标高(m) | AI77: 复合地基承载力特征值(kPa) | AJ77: 施工日期 | AK77: 桩间距（m） | AL77: 布桩方式
AB78: 地基承载力轻型动力触探 | AD78: 试验序号 | AE78: 试验孔号 | AF78: 地基类型 | AG78: 基础标高（m） | AH78: 基础持力层 | AI78: 施工方法 | AJ78: 承载力特征值（kPa） | AK78: 检测日期 | AL78: 备注
AB79: 地基承载力重型动力触探 | AD79: 试验序号 | AE79: 试验孔号 | AF79: 地基类型 | AG79: 基础标高（m） | AH79: 基础持力层 | AI79: 施工方法 | AJ79: 承载力特征值（kPa） | AK79: 检测日期 | AL79: 备注
AB80: 地基承载力静力触探 | AD80: 试验序号 | AE80: 试验孔号 | AF80: 地基类型 | AG80: 基础标高（m） | AH80: 基础持力层 | AI80: 施工方法 | AJ80: 承载力特征值（kPa） | AK80: 检测日期 | AL80: 备注
AB81: 地基承载力标准灌入击数 | AD81: 试验序号 | AE81: 试验孔号 | AF81: 地基类型 | AG81: 基础标高（m） | AH81: 基础持力层 | AI81: 施工方法 | AJ81: 承载力特征值（kPa） | AK81: 检测日期 | AL81: 备注
AB82: 回弹模量
AB83: 成槽质量
AB84: 单孔注浆试验
